Location,Location,District,District,獸醫診所名稱 (Chinese),Name of Vet Clinic (English),營業地址,Address,Call Phone Number,WhatsApp Number,24 hours,Website ,Opening Time,Google Review Link
Hong Kong Island,港島,中西及南區,"Central, Western and Southern District",雅各動物醫院,Acorn Veterinary Hospital,香港西營盤第二街68–80號裕新大廈第一座,"Yue Sun Mansion, Block 1, 68–80 Second Street, Sai Ying Pun, HK",2540 0228,85253744244,N,https://www.acornvets.com/,"Mon-Sat 9:00am-1:30pm, 2:30-7:00pm
Sun 10:00am-1:30pm, 2:00-5:00pm",
Kowloon,九龍,深水埗區,Sham Shui Po District,雅發動物診所,Alpha Vet Clinic,香港九龍深水埗欽州街65-71號榮業商業大廈4樓4室,"Room 4, 4/F, Wing Yip Commercial Building, 65–71 Yen Chow Street, Sham Shui Po, Kowloon",2708 8973,N/A,,N/A,No records online,
Kowloon,九龍,油尖旺區,Yau Tsim Mong District,恩典動物醫院,Amazing Grace Animal Hospital & Wellness Centre,九龍旺角勝利道28–32及36號新生大廈地下C舖,"Shop C, G/F, Sunshine Building, 28–32 & 36 Victory Avenue, Mong Kok, KLN.",2711 8482,85254190646,N,https://www.chillvet.com/,"Mon-Sat 9:30am-2:00pm, 3:00-7:30pm
Sun 9:30am-7:30pm",
Kowloon,九龍,油尖旺區,Yau Tsim Mong District,天心寵物醫院,Angel Heart Veterinary Hospital,九龍尖沙咀山林道34號地下,"G/F, 34 Hillwood Road, Tsim Sha Tsui, KLN.",2813 7128,angelheart_vet@yahoo.com.hk,N,http://www.angelheart.com.hk/,10:00am-8:00pm,
Hong Kong Island,港島,灣仔區,Wan Chai District,動物王國醫院,Animal Kingdom Veterinary Hospital,香港銅鑼灣威非路道25–27號Belle House地下2–3號舖,"Shop 2–3 Belle House, 25–27 Whitfield Road, Causeway Bay, HK",2578 0321,info@akvh.com.hk,N,https://www.facebook.com/p/Animal-Kingdom-Veterinary-Hospital-%E5%8B%95%E7%89%A9%E7%8E%8B%E5%9C%8B%E9%86%AB%E9%99%A2-100063791831131/,"10:00am-1:30pm, 3:30-7:00pm
Thurs & Sun - Closed",
Kowloon,九龍,油尖旺區,Yau Tsim Mong District,非牟利獸醫診所,Non-Profit Making Veterinary Clinic,九龍太子基隆街50A號,"50A Ki Lung Street, Prince Edward, KLN.",2393 2070,6097 0426,N,https://www.npv.org.hk/,9:00am-9:30pm,
Kowloon,九龍,油尖旺區,Yau Tsim Mong District,動物醫療學會醫院,Animal Medical Academy Hospital,九龍尖沙咀加連威老道100號港晶中心地下12–17號舖,"Shop 12–17, G/F, Harbour Crystal Centre, 100 Granville Road, Tsim Sha Tsui, KLN.",3899 8999,9165 0769,Y,https://amahvet.com.hk/,24 Hours Daily,
New Territories,新界,大埔區,Tai Po District,動物醫療中心-安健醫療中心,Animal Medical Centre–Tai Po,香港新界大埔仁興街54號地下,"G/F, 54 Yan Hing Street, Tai Po, N.T.",2656 1168,9165 9870,N,https://amcvet.com.hk/en,"Mon-Sat 9:00am-8:00pm
Sun 10:00am - 7:00pm",
Kowloon,九龍,深水埗區,Sham Shui Po District,毛國界動物醫院,Any.Mo Veterinary Hospital,香港九龍深水埗海壇街229號傲凱地舖,"G/F, O'KAI, 229 Hai Tan Street, Sham Shui Po, Kowloon",2142 3399,56103209,N,https://www.facebook.com/p/AnyMo-Veterinary-Hospital-%E6%AF%9B%E5%9C%8B%E7%95%8C%E5%8B%95%E7%89%A9%E9%86%AB%E9%99%A2-100050863102007/,10:00am-8:00pm,
Hong Kong Island,港島,中西及南區,"Central, Western and Southern District",鴨脷洲獸醫診所,Ap Lei Chau Veterinary Clinic,香港鴨脷洲利枝道138號地下1號舖,"Shop 1, 138 Lee Chi Road, Ap Lei Chau, HK",2548 7100,85251190120,N,https://www.alcvc.hk/,"10:00am-2:00pm, 3:00pm-7:00pm ",
Kowloon,九龍,油尖旺區,Yau Tsim Mong District,Arca 小動物及珍禽異獸醫院,Arca Veterinary Hospital,九龍太子通菜街222號地下,"G/F, 222 Tung Choi Street, Prince Edward, KLN.",2887 3200,arcavethk@gmail.com,N,https://www.facebook.com/arcavethk/,"10:00am-8:00pm
Wed & Fri Closed",
Kowloon,九龍,深水埗區,Sham Shui Po District,亞太動物醫院,Asia Pacific Animal Hospital,香港九龍深水埗大南街79號地下,"G/F, 79 Tai Nan Street, Sham Shui Po, Kowloon",2898 7122,N/A,,N/A,"10:00am-2:00pm, 3:00pm-8:00pm",
New Territories,新界,元朗區,Yuen Long District,優活動物診所,Best Life Animal Hospital,香港新界元朗鳳攸東街9號順意大廈地下36及37號舖,"Shop 36 & 37, G/F, Ho Shun Yee Building, 9 Fung Yau Street East, Yuen Long, N.T.",2965 9518,N/A,,N/A,10:00am-10:00pm,
Kowloon,九龍,深水埗區,Sham Shui Po District,陪伴小動物與珍禽異獸醫院 ,Bonding Pet & Exotic Animal Hospital,美孚荔景山路272號荔灣花園D座G層Shop 5B,"Lai Chi Kok, Lai King Hill Rd, 272號, Lai Chi Kok Bay Garden Block D, 內巷G層Shop5B",3480 0150,2286 0809,,https://www.facebook.com/bondingvet/,9:30am-7:00pm,
Kowloon,九龍,九龍城區,Kowloon City District,B.A.C. 動物診所,Bouncy Animal Clinic,九龍美孚新村百老匯街15D百老匯大廈29A舖,"Shop 29A, P/F, 15D Broadway, Stage 1, Mei Foo Sun Chuen, KLN.",2884 2120,bouncymf@gmail.com,,https://www.facebook.com/p/Bouncy-Animal-Clinic-100063481253818/,10:00-8:00pm,
Kowloon,九龍,深水埗區,Sham Shui Po District,B.A.C. 動物診所,Bouncy Animal Clinic,香港九龍美孚新邨第一期百老匯街15D號平台29A舖,"Shop 29A, Podium Floor, 15D Broadway, Phase 1, Mei Foo Sun Chuen, Kowloon",2884 2120,bouncymf@gmail.com,,https://www.facebook.com/p/Bouncy-Animal-Clinic-100063481253818/,10:00-8:00pm,
Kowloon,九龍,深水埗區,Sham Shui Po District,博施寵物綜合醫療中心,Buddy's Animal Medical Center,香港九龍荔枝角福華街571號High One商場G/F 6至8號舖,"Shops 6–8, G/F, High One Mall, 571 Fuk Wa Street, Lai Chi Kok, Kowloon",2368 6888,2368 6888,,https://www.buddysamc.com/en,9:00am-10:00pm,
New Territories,新界,沙田區 ,Sha Tin District ,仁心動物診所醫療中心,Caring Animal Clinic,香港新界沙田大圍城河道5至7號地下,"G/F, 5–7 Shing Ho Road, Tai Wai, Sha Tin, N.T.",2688 0840,6375 5441,Y,http://caringanimalclinic.com/hope-map.html,24 Hours Daily,
New Territories,新界,屯門區 ,Tuen Mun District,青山寵物診所,Castle Peak Pet Clinic,香港新界屯門青山公路385號啟禧樓地下12號舖,"Shop 12, Kai Hei Land Building, 385 Castle Peak Road, Tuen Mun, N.T.",2404 2511,Cppcvet@gmail.com,,https://www.cppcswpc.com/cppc,10:00am-7:00pm,
New Territories,新界,元朗區,Yuen Long District,卡素拿動物醫院,Casula Veterinary Hospital,香港新界元朗教育路87–99號鴻發大廈地下G–H舖,"Shop G–H, G/F, Hung Fat House, 87–99 Kuk Road, Yuen Long, N.T.",2982 2181,casulahk@gmail.com,,https://www.facebook.com/casulavet/,10:00-8:00pm,
Hong Kong Island,港島,灣仔區,Wan Chai District,銅鑼灣動物醫院,Causeway Bay Animal Hospital,香港銅鑼灣威非路道29號地下,"G/F, 29 Whitfield Road, Causeway Bay, HK",2510 0836,7072 1739,,N/A,9:00am-7:00pm,
Hong Kong Island,港島,灣仔區,Wan Chai District,中央動物醫院,Central Animal Hospital,香港銅鑼灣興發街68H號梅森花園大廈地下,"G/F, Mayson Garden Building, 68H Hing Fat Street, Causeway Bay, HK",2508 1083,N/A,,N/A,"Mon, Wed, Fri 10:00am-1:00pm, 3:00-7:00pm
Tues, Thurs, Sat & Sun 10:00am-1:00pm, 3:00-10pm",
New Territories,新界,屯門區 ,Tuen Mun District,Chandler 動物診所,Chandler Animal Clinic,香港新界屯門彩虹花園地下13號舖,"Shop 13, G/F, Rainbow Garden, Tuen Mun, N.T.",2430 1758,N/A,,https://www.facebook.com/p/%E7%BD%AE%E6%A8%82%E5%8B%95%E7%89%A9%E8%A8%BA%E6%89%80-Chandler-Animal-Clinic-100063813229909/,"10:00am-1:30pm, 3:00pm-8:00pm
Sat 8:00am-12:00pm
Sun - Closed",
Hong Kong Island,港島,東區,Eastern District,選擇獸醫診所,Choice Veterinary Clinic,香港筲箕灣新成街5至7號文康大廈7號舖,"Shop 7, Man Hong Apartments, No. 5-7 Sun Sing Street, Shau Kei Wan, HK",2967 1876,N/A,,N/A,8:00am-6:00pm,
Hong Kong Island,港島,東區,Eastern District,夏利維動物診所,Chris & Nicola's Animal Hospital,香港天后永興街37號地下,"G/F, 37 Wing Hing Street, Tin Hau, HK",2570 6048,hkvetcare@gmail.com,,https://www.sanctuary-animal-hospital.com.hk/chris-nicola-s-animal-hospital?srsltid=AfmBOoodec8QZS_WMnBMJADv9iNAjAVqIIrQAb9KFGCGbaJ6pr7Fcr6M,"9:00am-1:00pm, 2:00-7:00pm
Sat & Sun 9:00am-12:00pm, 1:00-6:00pm",
Kowloon,九龍,九龍城區,Kowloon City District,動物醫療中心,Animal Medical Centre,九龍何文田自由道11號VAU Residence地下1號舖,"Shop 1, G/F, VAU Residence, No.11 Liberty Avenue, Ho Man Tin, KLN.",2713 4155,9165 0870,Y,https://amcvet.com.hk/en/,Open 24hrs daily,
Kowloon,九龍,九龍城區,Kowloon City District,仁安獸醫診所,Comfort Vet Clinic,九龍何文田蘇屋道21號,"21 Soares Avenue, Ho Man Tin, KLN.",2712 0772,,,N/A,10:00am-10:00pm,
New Territories,新界,離島區 ,Islands District,貝澳獸醫診所,Community Vet Clinic Limited,大嶼山貝澳新圍村村地段地下,"G/F, San Wai Tsuen, Pui O, Lantau Island, N.T.",3486 6100,N/A,,N/A,"9:30am-6:00pm
Wed & Sun - Closed",
New Territories,新界,屯門區 ,Tuen Mun District,協康動物醫療中心,Concord Animal Medical Center,香港新界屯門青海圍8號屯景大廈地下E1號舖,"Shop E1, G/F, Tuen King Building, 8 Tsing Hoi Circuit, Tuen Mun, N.T.",2640 8138,N/A,,N/A,PERMANENTLY CLOSED,
Kowloon,九龍,深水埗區,Sham Shui Po District,城大動物醫療中心,CityU Veterinary Medical Centre,香港九龍深水埗荔枝角道339號豐匯地下至2樓,"G/F to 2/F, V Point, 339 Lai Chi Kok Road, Sham Shui Po, Kowloon",3650 3000,85236503288,Y,https://cityuvmc.com.hk/en/home/,Open 24hrs daily,
Kowloon,九龍,黃大仙區 ,Wong Tai Sin District,角落獸醫診所,Corner Veterinary Clinic,香港九龍黃大仙環鳳街68號鑽嶺低層地下01號,"Shop 01, LG/F, Aspen Crest, 68 Wan Fung Street, Wong Tai Sin, KLN.",2662 6232,55424180,,https://cornervethk.com/,"9:00am-2:00pm, 3:00-7:00pm",
Hong Kong Island,港島,東區,Eastern District,長康動物醫院寵物服務中心,Cosmo Pet Service Centre & Animal Hospital,香港北角堡壘街38號地下,"G/F, 38 Fort Street, North Point, HK",2530 0101,6628 5550,,https://www.cosmopethk.com/,"10:30am-1:30pm, 3:30-8:00pm",
New Territories,新界,西貢區 ,Sai Kung District,將軍澳獸醫中心,Creature Comforts Veterinary Centre (Tseung Kwan O),香港新界將軍澳唐俊街21號地下翻匯坊G18鋪,"Shop G18, Papillons Square, 21 Tong Chun Street, Tseung Kwan O, N.T.",2915 7007,85257296899,,https://www.creaturecomforts.com.hk/en-tw/tko-page,8:00am-8:00pm,
Hong Kong Island,港島,灣仔區,Wan Chai District,黎昌生獸醫診所（跑馬地）,Dr Eric's Animal Clinic (Happy Valley),香港跑馬地山光道1A號iResidence地下B部分,"Portion B, G/F, Igloo Residence, 1A Shan Kwong Road, Happy Valley, HK",2893 2988,9437 7502,,https://www.dreric.com.hk/,10:30am-7:00pm,
New Territories,新界,西貢區 ,Sai Kung District,黎昌生獸醫診所(將軍澳),Dr Eric's Animal Clinic (Tseung Kwan O),香港新界將軍澳至善街3號Savannah 9號鋪,"Shop 9, Savannah, 3 Chi Shin Street, Tseung Kwan O, N.T.",2244 6898,9179 6904,,https://www.dreric.com.hk/,"10:30am-1:30pm, 4:00pm-7:00pm",
New Territories,新界,元朗區,Yuen Long District,樊展霖獸醫,Dr Fan's Animal Care Centre,香港新界元朗安寧路38號世昌樓37號舖,"Shop 37, G/F, Yuccie Square, 38 On Ning Road, Yuen Long, N.T.",2885 5220,care.acc.hk@gmail.com,,https://drfansacc.com/,10:00am-8:00pm,
Hong Kong Island,港島,東區,Eastern District,智史丹利獸醫診所,Dr Hugh's Veterinary Hospital,香港天后永興街2A號地下,"G/F, 2A Wing Hing Street, Tin Hau, HK",2380 0612,N/A,,https://dhvh.vet/,"9:00am-7:00pm
Sun 10:00am - 5:00pm",
New Territories,新界,離島區 ,Islands District,太陽動物醫務所,Dr Sun Veterinary Clinic,香港大嶼山梅窩麻布村31號,"31 Ma Po Tsuen, Mui Wo, Lantau Island, N.T.",9855 7529,98557529,Y,https://www.facebook.com/groups/drsunvetclinic/,Open 24hrs daily,
New Territories,新界,荃灣區 ,Tsuen Wan District,Dr. George's 獸醫醫療中心,Dr. George's Veterinary Medical Center,香港新界荃灣享和街36號好景樓地下,"G/F, Good View Mansion, 36 Heung Wo Street, Tsuen Wan, N.T.",2498 8102,drgeorgevmc@gmail.com,,https://www.facebook.com/DrGeorgesVeterinaryMedicalCenter/,9:30am-8:30pm,
Kowloon,九龍,九龍城區,Kowloon City District,Dr. Shih 獸醫診所,Dr. Shih Veterinary Clinic,九龍土瓜灣馬頭圍道418號地下3號舖,"Shop 3, G/F, No. 418 Ma Tau Wai Road, To Kwa Wan, KLN.",2383 8850,dsvc.reception@gmail.com,,https://www.facebook.com/DrShihVetClinic/,"9:00am-1:00pm, 2:00pm-6:00pm
Mon & Thurs - Closed",
New Territories,新界,屯門區 ,Tuen Mun District,游醫生獸醫診所,Dr. Yau's Veterinary Clinic,香港新界屯門青山公路–新墟段92號地下,"G/F, 92 Castle Peak Road – San Hui, Tuen Mun, N.T.",2618 1182,N/A,,N/A,No records online,
Hong Kong Island,港島,灣仔區,Wan Chai District,康迪亞獸醫,Concordia Pet Care,香港跑馬地藍塘道5–7號,"5–7 Blue Pool Road, Happy Valley, HK",2679 1000,59193038,Y,https://en.concordiapetcare.com/,Open 24hrs daily,
Kowloon,九龍,九龍城區,Kowloon City District,擁愛動物醫院,Essence Veterinary Hospital,九龍九龍城德蘭道54號地下,"G/F, 54 Tak Ku Ling Road, Kowloon City, KLN.",2382 3113,N/A,,https://www.facebook.com/p/%E6%91%AF%E6%84%9B%E5%8B%95%E7%89%A9%E9%86%AB%E9%99%A2-Essence-Veterinary-Hospital-100054227570420/,"10:00am-1:00pm, 3:00pm-7:00pm
Sun 10:00am-6:00pm",
New Territories,新界,元朗區,Yuen Long District,錦綉動物診所,Fairview Animal Clinic,香港新界元朗馬田村201號,"No. 201, Ma Tin Tsuen, Yuen Long, N.T.",2471 8980,N/A,,https://www.facebook.com/p/%E6%91%AF%E6%84%9B%E5%8B%95%E7%89%A9%E9%86%AB%E9%99%A2-Essence-Veterinary-Hospital-100054227570420/?locale=zh_HK,10:00am-8:00pm,
Kowloon,九龍,九龍城區,Kowloon City District,土瓜灣動物醫院,Faithful Veterinary Hospital,九龍土瓜灣北帝街139號地下,"G/F, 139 Pak Tai Street, To Kwa Wan, KLN.",2711 9909,N/A,,https://www.facebook.com/p/%E5%9C%9F%E7%93%9C%E7%81%A3%E5%8B%95%E7%89%A9%E9%86%AB%E9%99%A2-Faithful-Veterinary-Hospital-100063761600084/,"9:00am-1:00pm, 3:00pm-7:00pm",
New Territories,新界,沙田區,Sha Tin District ,獸醫莊園,Family Vet,香港新界沙田火炭坳背灣街豐盛工業中心A座3A號地舖,"Flat 3A, G/F, Block A, Veristrong Industrial Centre, 34–36 Au Pui Wan Street, Fo Tan, Sha Tin, N.T.",3611 6344,familyvet88@gmail.com,,https://familyvethk.com/,9:00am-7:00pm,
New Territories,新界,新界北區,New Territories North District,粉嶺動物醫院,Fanling Animal Hospital,香港新界粉嶺聯和墟聯安街31號4號舖,"Shop 4, G/F, 31 Luen On Street, Luen Wo Hui, Fan Ling, N.T.",2677 6046,enquiry@amcvet.com.hk,,N/A,"9:00am-9:00pm
Sun 10:00am-7:00pm",
New Territories,新界,荃灣區 ,Tsuen Wan District,活泉動物醫療中心,Fountain of Life Animal Medical Center,香港九龍荃灣荃樂街1號地下,"G/F, 1 Tsuen Lok Street, Tsuen Wan, N.T.",3481 2781,folamc@gmail.com,,https://www.facebook.com/FOLAMC/,"9:00am-12:30pm, 2:00pm-6:00pm",
Hong Kong Island,港島,中西及南區,"Central, Western and Southern District",蘇利宜動物醫院,Four Paws Animal Hospital,香港半山堅道130號地下B舖,"Shop B, G/F, 130 Caine Road, Mid-Levels, HK",2291 0065,85292748331,,https://www.facebook.com/FourPawsAnimalHospital/,10:00am-8:00pm,
Kowloon,九龍,九龍城區,Kowloon City District,朋友仔珍禽異獸獸醫院,Furry Friends Veterinary Hospital,九龍九龍城聯合道38號地下,"G/F, 38 Junction Road, Kowloon City, KLN.",2362 2382,ffvetsinfo@gmail.com,,https://www.facebook.com/furryfriendsvethk/,"10:00am-8:00pm 
Sat-Sun 9:00am-6:00pm",
New Territories,新界,元朗區,Yuen Long District,Ginkgo獸醫診所,Ginkgo Veterinary Hospital,香港新界長洲德政街20號地下2號舖,"Shop 2, G/F, 20 Fook Tak Street, Yuen Long, N.T.",2369 6888,enquiry@ginkgovets.com,,https://www.ginkgovets.com/,9:30am-7:30pm,
New Territories,新界,沙田區 ,Sha Tin District ,初心珍禽異獸醫療中心,Grace Exotic Animal Hospital,香港新界大圍積信街29A吉慶樓地舖,"G/F, Kat Hing House, 29A Chik Shun Street , Sha Tin, N.T.",3613 0934 ,graceexotics@gmail.com,,https://www.facebook.com/p/%E5%88%9D%E5%BF%83%E7%8F%8D%E7%A6%BD%E7%95%B0%E7%8D%B8%E9%86%AB%E7%99%82%E4%B8%AD%E5%BF%83-Grace-Exotic-Animal-Hospital-61559848357961/,9:30am-8:30pm,
New Territories,新界,沙田區 ,Sha Tin District ,綠十字寵物診所,Green Cross Veterinary Clinic,香港新界沙田正街希爾頓中心地下5B舖,"Shop 5B, G/F, Hilton Plaza, Shatin Centre Street, Sha Tin, N.T.",2601 1219,greenx@greencross.com.hk,,http://www.greencross.com.hk/,"Mon,Tues, Thurs, Fri 9:00am-11:00am, 3:00pm-7:00pm
Wed 9:00am-11:00am
Sun 9:00am-10:00am",
Kowloon,九龍,油尖旺區,Yau Tsim Mong District,綠十字寵物診所,Green Cross Veterinary Clinics,九龍旺角窩打老道37號地下,"G/F, 37 Waterloo Road, Mong Kok, KLN.",2780 5338,greenx@greencross.com.hk,,http://www.greencross.com.hk/,"Mon, Tues, Thurs, Fri 9:00am-11:00am, 2:00pm-7:00pm
Sat 9:00am-11:00am, 2:00-6:00pm
Sun 11:00am -12:00pm",
New Territories,新界,西貢區 ,Sai Kung District,坑口動物診所,Hang Hau Animal Clinic,香港新界將軍澳坑口村第三座地下A室,"Flat A, G/F, Block 3, Hang Hau Village, Tseung Kwan O, N.T.",2719 1019,85295650591,,http://www.hanghauac.com/,"10:30am-2:00pm, 3:00-9:00pm
Sun 10:30am-2:00pm, 3:00-6:00pm",
Hong Kong Island,港島,中西及南區,"Central, Western and Southern District",愛生動物診所,Happy Life Animal Clinic,香港堅尼地城加富樓加多街63號地下2號舖,"Shop 2, G/F, Ka Fu Building, 63 Catchick Street, Kennedy Town, HK",2818 2333,9386 4144,,https://www.facebook.com/happylifevethk/?locale=zh_HK,9:00am-9:00pm,
New Territories,新界,大埔區,Tai Po District,龍樂動物診所,Happy Paws Veterinary Clinic,香港新界大埔廣福道149-155號地下B舖,"Shop B, G/F, 149–155 Kwong Fuk Road, Tai Po. N.T.",2653 2287,happypawsvets@gmail.com,,https://www.facebook.com/happypawsvets/,"9:30am-1:00pm, 2:30pm-6:30pm
Wed 9:30am-1:00pm, 3:00-6:30pm",
Hong Kong Island,港島,灣仔區,Wan Chai District,順心動物診所,Happy Pets Veterinary Centre,香港跑馬地源遠街8號寶誠大廈地下,"G/F, Po Shing Building, 8 Yuen Yuen Street, Happy Valley, HK",2895 6811,N/A,,https://www.happypets.hk/,10:00am-7:00pm,
Hong Kong Island,港島,灣仔區,Wan Chai District,跑馬地獸醫診所及醫院,Happy Valley Veterinary Clinic & Hospital,香港跑馬地昌明街4–6號地下,"G/F, 4–6 Cheong Ming Street, Happy Valley, HK",2572 0977,hvvets@hvvc.corp.com.hk,,http://hvvc.com.hk/,"10:00am-1:00pm, 3:00-7:00pm
Sun 10:00am-12:00pm, 2:00-5:00pm",
Kowloon,九龍,黃大仙區 ,Wong Tai Sin District,海寧動物醫院,Harbour Animal Hospital,香港九龍新蒲崗彩虹道106號地下,"G/F, 106 Choi Hung Road, San Po Kong, KLN.",2382 8288,N/A,,https://www.facebook.com/61569448287962,9:30am-7:30pm,
New Territories,新界,離島區 ,Islands District,哈利波特獸醫診所,Harry Potter's Veterinary Clinic (CLOSED DOWN),香港新界長洲北社村103號,"103 Pak She San Tsuen, Cheung Chau, N.T.",9807 3910,9807 3910,,N/A,(PERMANENTLY CLOSED - PetaHood),
New Territories,新界,葵青區,Kwai Tsing District,豐盈動物腫瘤中心,Harvest Veterinary Oncology Centre,香港新界葵涌葵芳街38至42號大鴻輝(葵涌)中心2期地下1號舖,"Shop 1, G/F, Tower 2, Magnet Place, 38–42 Kwai Fung Crescent, Kwai Chung, N.T.",3426 3500,34263500,,https://hvoc.com.hk/en/,9:00am-7:00pm,
Hong Kong Island,港島,東區,Eastern District,東區24小時動物醫院,East Island 24 Hours Animal Hospital,香港筲箕灣筲箕灣道256號地下,"G/F, 256 Shau Kei Wan Road, Shau Kei Wan, HK",2915 3999,85264663051,Y,https://www.creaturecomforts.com.hk/en-tw,Open 24hrs daily,
Kowloon,九龍,深水埗區,Sham Shui Po District,希樂動物診所,Healer Animal Clinic,香港深水埗鴨寮街17號,"No. 17 Apliu Street, Sham Shui Po, Kowloon",2397 0800,healer_vet@yahoo.com.hk,,https://www.facebook.com/HealerAnimalClinic/,"8:30am-12:30pm, 2:00-4:00pm
Sat 8:30-12:30pm
Sun 9:00am-12:00pm
Mon - Closed",
Hong Kong Island,港島,灣仔區,Wan Chai District,明慧獸醫診所,Health Care Veterinary Clinic (CLOSED DOWN),香港跑馬地遵遠街7號銀石大廈地下B舖,"Shop B, G/F, Silverstone Mansion, 7 Tsun Yuen Street, Happy Valley, HK",2833 5931,N/A,,N/A,PERMANENTLY CLOSED (PETAHOOD),
New Territories,新界,元朗區,Yuen Long District,凝心動物醫療中心,Heartiest Veterinary Medical Centre        ,新界元朗合益路17-53號合益中心地下19號舖,"Shop 19, G/F, Hop Yick Centre,Hop Yick Rd, ,Yuen Long",28339100,63423910,,https://heartiestvet.com/,"9:30am-2:00pm, 3:30-10:00pm",
New Territories,新界,荃灣區 ,Tsuen Wan District,享和動物醫療中心,Heung Wo Animal Medical Centre,香港新界荃灣沙咀道136至138號地下,"G/F, 136–138 Sha Tsui Road, Tsuen Wan, N.T.",2490 3732,91268030,,https://heungwoamc.com.hk/en/,10:00am-10:00pm,
New Territories,新界,荃灣區 ,Tsuen Wan District,享和珍禽異獸醫療中心,Heung Wo Exotic Veterinary Centre,香港新界荃灣享和街84號安豐大廈地下,"G/F, On Fung Building, 84 Heung Wo Street, Tsuen Wan, N.T.",2493 2178,9221 6598,,https://www.facebook.com/p/%E4%BA%AB%E5%92%8C%E7%8F%8D%E7%A6%BD%E7%95%B0%E7%8D%B8%E9%86%AB%E7%99%82%E4%B8%AD%E5%BF%83-Heung-Wo-Exotic-Veterinary-Centre-100064128608417/,9:30am-7:00pm,
Hong Kong Island,港島,東區,Eastern District,港島東小動物及珍禽異獸醫療中心,HK Island East Small Animal & Exotic Veterinary Centre,香港鰂魚涌英皇道1065號東港中心3樓2室,"Unit 2, 3/F, Eastern Centre, 1065 King's Road, Quarry Bay, HK",2809 2618,N/A,,https://dearpet.hk/listing/%E9%B0%82%E9%AD%9A%E6%B6%8C%E5%AF%B5%E7%89%A9%E8%A8%BA%E6%89%80/,"10:00am-10:00pm, 3:30-8:00pm
Sun 10:00am-1:00pm, 3:30pm-7:00pm",
Hong Kong Island,港島,灣仔區,Wan Chai District,港島獸醫診所,Hong Kong Island Veterinary Clinic,香港跑馬地成和道67D–E號尚巒地下1–2號舖,"Shop 1–2, G/F, Regent Hill, 67D–E Sing Woo Road, Happy Valley, HK",2982 0222,85294458335,,https://www.hkivc.com.hk/,9:00am-7:00pm,
Hong Kong Island,港島,東區,Eastern District,香港流動獸醫,Hong Kong Pet Patrol,香港柴灣安業街1號兆業中心17樓1701室,"Flat 1701, 17/F, Sino Favour Centre, 1 On Yip Street, Chai Wan, HK",9796 8990,9796 8990,,https://hkpetpatrol.com/en/,"10:00am-7:00pm
Sun - Closed",
Kowloon,九龍,油尖旺區,Yau Tsim Mong District,香港社企動物醫院,Hong Kong Social Enterprise Veterinary Hospital,九龍旺角砵蘭街44號地下,"G/F, 44 Nullah Road, Mong Kok, KLN.",2668 6618,9495 7923,,https://www.hksev.com/pages/about-us-%E9%97%9C%E6%96%BC%E6%88%91%E5%80%91,9:00am - 12:00am,
Hong Kong Island,港島,灣仔區,Wan Chai District,香港獸醫中心,Hong Kong Veterinary Centre,香港灣仔堅尼地街12–12A號地下,"G/F, 12–12A Kennedy Street, Wan Chai, HK",2520 2373,61402619,,N/A,"Mon-9:00am-7:00pm
Sun - Closed",
New Territories,新界,元朗區,Yuen Long District,博愛動物醫院,Hospital of Dedication to Animals,香港新界元朗炮仗坊5號順興樓地下10號舖,"Shop 10, G/F, Shun Hing Building, 5 Pau Cheung Square, Yuen Long, N.T.",2476 2988,hoda24762988@gmail.com,,N/A,"Mon-Fri 10:00am-10:00pm
Sat-Sun 10:00am-11:00pm",
Kowloon,九龍,九龍城區,Kowloon City District,紅磡獸醫診所,Hung Hom Veterinary Clinic,九龍紅磡民泰街30號地下,"G/F, 30 Man Tai Street, Hung Hom, KLN.",2330 7566,hhvets@gmail.com,,https://www.hhvc.com.hk/,"9:30am-7:00pm
Sat  9:30am-6:30pm
Sun 9:30am-5:00pm",
New Territories,新界,元朗區,Yuen Long District,洪水橋獸醫診所,Hung Shui Kiu Veterinary Clinic,香港新界元朗洪水橋大街1號德祥樓地下13至14號舖,"Shop 13–14, G/F, Tak Cheung Building, 1 Hung Shui Kiu Main Street, Yuen Long, N.T.",2420 0728,N/A,,N/A,"10:00am-1:30pm, 4:30pm-8:00pm
Sat & Sun 10:00am-6:00pm",
New Territories,新界,離島區 ,Islands District,離島獸醫服務,Island Veterinary Services (CLOSED DOWN),香港大嶼山愉景灣灣景商場B座G10地下,"Unit G10, Block B, Discovery Bay Plaza, Discovery Bay, Lantau Island, N.T.",2987 9003,5702 9034,,PERMANENTLY CLOSED DOWN,,
Kowloon,九龍,油尖旺區,Yau Tsim Mong District,安信獸醫診所,itrust Veterinary Clinic,九龍旺角亞皆老街124E號怡安閣地下14號舖,"Shop 14, G/F, Yee On Court, 124E Argyle Street, Mong Kok, KLN.",2323 4417,85267316150,,https://www.facebook.com/itrustvet/,9:00am-8:30pm,
Kowloon,九龍,九龍城區,Kowloon City District,寵心動物診所,Ivet Animal Clinic,九龍紅磡寶其利街73號東熹苑1樓C舖,"Shop C, 1/F, Tung Hei Court, 73 Bulkeley Street, Hung Hom, KLN.",2877 6780,6423 8296,,https://www.facebook.com/p/%E5%AF%B5%E5%BF%83-iVet-Animal-Clinic-100063728333114/,10:00am-7:00pm,
New Territories,新界,大埔區,Tai Po District,Jack’s Veterinary Hospital,Jack’s Veterinary Hospital,香港新界大埔翠和里5號麗和閣地下舖,"Shop E, G/F, Reve Plaza, 5 Chui Wo Lane, Tai Po, N.T.",6168 6175,6168 6175,,https://j-vet.com/?srsltid=AfmBOoryp1xNYskZnpciIbDQUg9lvUOnncVGjWa3BhJtvfPHFq--09J5,10:00am-7:00pm,
New Territories,新界,元朗區,Yuen Long District,元朗動物診所,Johnny & Vivian Animal Clinic,香港新界元朗又新街39號地下,"G/F, 39 Yau San Street, Yuen Long, N.T.",2478 8733,N/A,,N/A,"10:00am-1:00pm, 3:00pm-7:00pm
Wed10:00am-1:00pm
Sun 2:00-6:00pm",
Kowloon,九龍,油尖旺區,Yau Tsim Mong District,繽紛寵物診所,Joy n Fun Veterinary Clinic,九龍大角咀大津街20號地下B舖,"Flat B, G/F, 20 Tai Tsun Street, Tai Kok Tsui, KLN.",2787 2338,joynfunvet@yahoo.com.hk,,https://www.facebook.com/joynfunveterinary/,"9:30am-7:00pm
Wed - Closed
Sun 9:30am-5:30pm",
Kowloon,九龍,九龍城區,Kowloon City District,加多利動物醫院,Kadoorie Animal Hospital,九龍何文田梭椏道23B地下,"23B Soares Ave, Ho Man Tin",2762 9700,94498801,,https://www.facebook.com/kadoorieanimalhospital/,10:00am-8:00pm,
Kowloon,九龍,九龍城區,Kowloon City District,啟德動物醫院,Kai Tak Veterinary Hospital,九龍土瓜灣桂州街4N號安興大廈地下2號舖,"Shop 2, G/F, On Hing Building, 4N Kwei Chow Street, To Kwa Wan, KLN.",2116 4417,2116 4417,,https://kaitakvet.com/?lang=en,9:30am-7:30pm,
Kowloon,九龍,深水埗區,Sham Shui Po District,嘉名動物診所,KM Animal Clinic,香港九龍深水埗石硤尾街10號地舖,"G/F, 10 Shek Kip Mei Street, Sham Shui Po, Kowloon",2396 3511,N/A,,https://www.facebook.com/KManimalclinic/,"9:00am-5:00pm
Tues - CLOSED",
Kowloon,九龍,深水埗區,Sham Shui Po District,九龍貓醫院,Kowloon Cat Hospital,香港九龍深水埗鴨寮街22號地舖,"G/F, 22 Apliu Street, Sham Shui Po, Kowloon",2309 2011,N/A,,https://www.facebook.com/groups/catiscat/posts/29067484206231106/,"10:00am-7:00pm
Wed 10:00am-2:00pm
Sat-Sun 10:00am-8:00pm",
Kowloon,九龍,九龍城區,Kowloon City District,九龍動物醫院,Kowloon Veterinary Hospital,九龍九龍城聯合道2號裕聯大廈地下,"G/F, Yue Luen Mansion, 2 Junction Road, Kowloon City, KLN.",2382 3300,53350069,,https://www.facebook.com/p/Kowloon-Veterinary-Hospital-100063937449996/,10:00am-7:00pm,
Kowloon,九龍,油尖旺區,Yau Tsim Mong District,西九龍動物醫院,Kowloon West Animal Hospital,九龍佐敦文苑街2號地下,"G/F, 2 Man Yuen Street, Jordan, KLN.",3500 5800,Peticare.hk@gmail.com,N,https://www.facebook.com/kwah.jordan/,9:00am-7:00pm,
New Territories,新界,葵青區,Kwai Tsing District,葵興獸醫診所,Kwai Hing Veterinary Clinic,香港新界葵涌光輝圍27至39號葵景大廈5A號地舖,"Shop 5A, G/F, Kwai King Building, 27–39 Kwong Fai Circuit, Kwai Chung, N.T.",2792 2007,85267976907,,https://www.facebook.com/KwaiHingVetClinic/,"10:30am-9:00pm
Thurs - Closed",
Kowloon,九龍,深水埗區,Sham Shui Po District,荔枝角獸醫診所,Lai Chi Kok Veterinary Clinic,香港九龍荔枝角福華街571號High One商場G/F 8號舖,"Shop 8, G/F, High One Mall, 571 Fuk Wa Street, Lai Chi Kok, Kowloon",2368 6888,N/A,,N/A,9:00am-11:00pm,
New Territories,新界,離島區 ,Islands District,南丫島獸醫診所,Lamma Veterinary Clinic,香港南丫島榕樹灣大街64號地下,"G/F, 64 Yung Shue Wan Main Street, Lamma Island, N.T.",2982 2481,N/A,,N/A,"6:00pm-10:00pm
Sat & Sun 9:00am-11:00am
Mon, Wed, Fri - CLOSED",
Kowloon,九龍,九龍城區,Kowloon City District,力高動物診所,Lego Animal Clinic,九龍何文田亞皆老街120號麗寶大廈地下F舖,"Shop F, G/F, La Belle Mansion, 120 Argyle Street, Ho Man Tin, KLN.",2526 8068,61392333,,N/A,11:00am-8:00pm,
New Territories,新界,荃灣區 ,Tsuen Wan District,深井深健獸醫診所,Life@Pet Veterinary Clinic,香港新界深井村89號地下及1樓,"G/F & 1/F, 89 Sham Tseng Village, Sham Tseng, N.T.",2496 9833,6202 1002,,N/A,"10:00am-8:00pm
Wed - Closed",
New Territories,新界,元朗區,Yuen Long District,獅樂獸醫院,Lion Rock Veterinary Hospital,香港新界元朗俊賢坊8號兆日樓K號地舖,"Shop K, G/F, Shiu Yat Building, 8 Chun Yin Square, Yuen Long, N.T.",3188 8911,9088 3865,,https://l.facebook.com/l.php?u=http%3A%2F%2Fwww.lionrockvet.com%2F&h=AT192eu4qk5fBVOBWhg1tqAfNY_22TDmM0-gssmBTZO7ibvfn_u4pAXAlPSRLkOut7nPkceggduCjjg4Fd2Hkfk5_eEQEEZwGl01wDCJXoVE9K9ZtcgdwKGyTrOclh7AvNxvWjoQsrK75y-mLOPFWw,10:00am-8:00pm,
New Territories,新界,沙田區 ,Sha Tin District ,馬鞍山動物醫療中心,Ma On Shan Animal Medical Centre,"香港新界馬鞍山福安街G/F, Fok On Garden","Shop 2 & 17, G/F, Fok On Garden, Ma On Shan, N.T.",2633 8506,N/A,,N/A,"9:00am-7:00pm
Sun 10:00am-6:00pm",
New Territories,新界,葵青區,Kwai Tsing District,豐盈動物專科及急症醫院,Harvest Veterinary Specialty & Emergency Hospital,香港新界葵豐街38-42號大鴻輝(葵涌)中心2期地下2號鋪及9樓,"Tower 2, Yoohoo Tower, Shop 2, G/F; 9/F, Magnet Place, Kwai Fung Cres, Kwai Chung",3102 8528,6011 7149,Y,https://hvoc.com.hk/,Open 24hrs daily,
Kowloon,九龍,深水埗區,Sham Shui Po District,楓樹珍禽異獸獸醫院,Maple Exotic Veterinary Hospital,香港九龍深水埗楓樹街9-13號1樓,"1/F, 9–13 Maple Street, Sham Shui Po, Kowloon",3579 4838,mapleexoticvet@gmail.com,,https://www.facebook.com/maplevet/,9:30am-7:00pm,
Kowloon,九龍,深水埗區,Sham Shui Po District,楓樹獸醫診所,Maple Veterinary Hospital,香港九龍深水埗楓樹街9-13號華楓樓地下,"G/F, Wah Fung Building, 9–13 Maple Street, Sham Shui Po, Kowloon",3576 3288,9221 6598,,https://maplevethosp.com.hk/,9:00am-9:00pm,
Kowloon,九龍,深水埗區,Sham Shui Po District,美孚獸醫診所,Mei Foo Veterinary Hospital,香港九龍荔枝角美孚新邨商場7B號N4舖,"Shop N4, 7B, Mei Foo Sun Chuen Shopping Centre, Lai Chi Kok, Kowloon",2743 8885,2743 8885,,N/A,"10:00am-8:00pm
Sun - Closed",
Hong Kong Island,港島,中西及南區,"Central, Western and Southern District",半山獸醫中心,Mid Levels Veterinary Centre,香港半山必列者士街80–82號地下,"G/F, 80–82 Peel Street, Mid-Levels, HK",2140 6581,N/A,,https://amcvet.com.hk/en/contact-us/,"9:00am-9:00pm
Sun & public holidays 10:00am-7:00pm",
Hong Kong Island,港島,中西及南區,"Central, Western and Southern District",半山貓醫院,Mid-Levels Cat Hospital,香港般咸道3號寶豪苑地下A舖,"Shop A, G/F, Bonanza Court, 3 Bonham Road, HK",2688 0013,67738596,,https://www.mlcathospital.com/zh/pages/contact-us,9:00am-7:00pm,
Kowloon,九龍,油尖旺區,Yau Tsim Mong District,旺角動物診所,Mongkok Animal Clinic,九龍旺角窩打老道66A號地下,"G/F, 66A Waterloo Road, KLN.",2760 1026,N/A,,N/A,"9:30am-12:30pm, 3:30-7:00pm
Wed - Closed
Sun - 2:00-4:30pm, 7:30-Midnight",
Kowloon,九龍,油尖旺區,Yau Tsim Mong District,旺角關愛非牟利動物診所,Mongkok Great Love Non-Profit Animal Clinic,九龍旺角西洋菜北街177號,"177 Sai Yeung Choi Street North, Mong Kok, KLN.",2399 7783,N/A,,N/A,10:00am-9:00pm,
Kowloon,九龍,觀塘區,Kwun Tong District,街坊動物醫院,Neighbor Animal Hospital,九龍觀塘曉光街34–36號地下,"G/F, 34–36 Hiu Kwong Street, Kwun Tong, KLN.",2191 8993,5722 3738,,https://www.facebook.com/neighboranimalhospital/,10:00am-8:00pm,
Kowloon,九龍,油尖旺區,Yau Tsim Mong District,麥花臣動物診所,Macpherson Animal Clinic,九龍旺角洗衣街26號興業樓地下,"G/F, Hing Yip House, 26 Sai Yee Street, Mong Kok, KLN.",2781 2386,85246145386,Y,https://www.macpherson.com.hk/,Open 24hrs daily,
Hong Kong Island,港島,東區,Eastern District,非牟利獸醫診所（北角）,Non-Profit Making Veterinary Clinic (North Point),香港北角和富道116號康和大廈地下C2舖,"Shop C2, G/F, Conwell Mansion, 116 Wharf Road, North Point, HK",3707 1360,N/A,,N/A,PERMANENTLY CLOSED - GOOGLE,
Hong Kong Island,港島,東區,Eastern District,北角動物醫院,North Point Animal Hospital,香港北角清華街1至3號UG樓,"UG/F, 1-3 Ching Wah Street, North Point, HK",2307 6622,85223076622,Y,https://www.northpointvets.com.hk/?gad_source=1&gad_campaignid=19079229097&gbraid=0AAAAAC-8rkBU6LiJMo_0I1kWoDqlMJ0e4&gclid=Cj0KCQjwn8XFBhCxARIsAMyH8BvwA0nMMVg2AUpO0Tt0eLoDPDvF02q4CHq7RGiWPH-knofGbriY1CIaAm4JEALw_wcB,Open 24hrs daily,
New Territories,新界,新界北區,New Territories North District,北區動物診所,Northern Animal Clinic,香港新界上水豐景路55號地下,"G/F, 55 San Fung Avenue, Sheung Shui, N.T.",2311 1707,9287 8780,,http://www.northernanimal.com.hk/,"Mon 10:30-6:30pm
Tues-Sun 10:30am-2:00pm, 3:00-9:00pm",
New Territories,新界,屯門區 ,Tuen Mun District,東方獸醫診所,Oriental Veterinary Clinic (Tuen Mun),香港新界屯門良田新村107號地下,"G/F, 107 Leung Tin Sun Tsuen, Tuen Mun, N.T.",2441 9816,tmorientalvet@hotmail.com,,N/A,"9:00am-1:00pm, 3:30pm-7:30pm",
New Territories,新界,元朗區,Yuen Long District,東方獸醫診所(元朗),Oriental Veterinary Clinic (Yuen Long),香港新界元朗鳳攸北街昌威大廈26–27號地舖,"Shop 26–27, G/F, Cheong Wai Building, Fung Yau Street North, Yuen Long, N.T.",2474 7680,orientalveterinary@yahoo.com.hk,,N/A,10:00am-8:00pm,
New Territories,新界,沙田區 ,Sha Tin District ,俊匯動物醫療中心,Otto Veterinary Centre,香港新界沙田積存街54號葵滙大廈B舖,"Shop B, G/F, Kwai Wai Building, 54 Chik Shun Street, Tai Wai, Sha Tin, N.T.",2687 0226 ,N/A,,N/A,10:00am-10:00pm,
New Territories,新界,荃灣區 ,Tsuen Wan District,珀麗灣獸醫診所,Park Island Animal Clinic,香港新界馬灣北街322號地下,"G/F, 322 Ma Wan Main Village North, Ma Wan, N.T.",6738 3280,6738 3280,,N/A,"7:30am-10:00pm
Sat 2:00-10:00pm
Sun, Tues, Fri - Closed",
New Territories,新界,元朗區,Yuen Long District,柏圃獸醫診所,Patel Veterinary Clinic,香港新界元朗泰豐街20–24號普利樓地下D舖,"Shop D, G/F, Polly Mansion, 20–24 Tai Fung Street, Yuen Long, N.T.",2443 9893,N/A,,N/A,"10:00am-7:30pm
Thurs - Closed",
New Territories,新界,沙田區 ,Sha Tin District ,火炭動物醫療中心,Pawlistic Veterinary Medical Centre,香港新界火炭坳背灣街27–31號協興工業中心地下B1A舖,"Shop B1A, G/F, Unison Industrial Centre, 27–31 Au Pui Wan Street, Fo Tan, N.T.",2156 2086,info@pawlisticvmc.com,,N/A,9:00am-11:00pm,
Hong Kong Island,港島,中西及南區,"Central, Western and Southern District",Paws and Tails Veterinary Hospital,Paws and Tails Veterinary Hospital,香港上環普仁街4號,"4 Po Yan Street, Sheung Wan, HK",2832 2836,9870 5711,,https://www.pawsandtailshk.com/,"9:00am-1:00pm, 2:00-7:00pm",
New Territories,新界,沙田區 ,Sha Tin District ,毛守獸醫中心,Paws Guardian Veterinary Centre,香港新界火炭坳背灣街26–28號富騰工業中心1樓03室 (正門入口於松頭下路),"Room 03, 1/F, Fo Tan Industrial Centre, 26–28 Au Pui Wan Street, Fo Tan, N.T. (Main entrance is on Tsun Tau Ha Road)",2333 4666,info@pgvc.life,,N/A,"10:00am-7:00pm
Wed - Closed",
New Territories,新界,大埔區,Tai Po District,懷仁動物醫院,Pawspal Animal Hospital,香港新界大埔懷仁街31號舖,"G/F, 31 Wai Yan Street, Tai Po, N.T.",2191 5636,2191 5636,,https://www.facebook.com/pawspalanimalhospital/,"9:00am-2:00pm, 3:00-7:00pm",
Kowloon,九龍,觀塘區,Kwun Tong District,寵誠動物醫院,PawSure Veterinary Hospital,九龍牛頭角馬蹄徑1號寶欣大廈地下7號舖,"Shop 7, G/F, Bo Yan Building, 1 Horse Shoe Lane, Ngau Tau Kok, KLN.",3611 2877,info@pawsurevets.com,,https://www.pawsurevets.com/,9:30am-7:30pm,
New Territories,新界,大埔區,Tai Po District,仁德動物醫院,Pet Cares Professional Veterinary Services,香港新界大埔瑞安街6號地下,"G/F, 6 Sui On Street, Tai Po, N.T.",2638 2869,petcareshk@gmail.com,Y,https://petcares.hk/en/,Open 24hrs daily,
New Territories,新界,元朗區,Yuen Long District,錦田動物醫院,Pet Elements Animal Hospital,香港新界錦田市街108號地下,"G/F, 108 Kam Tin Shi, Kam Tin, Yuen Long, N.T.",2475 2851,N/A,,,"10:00am-1:00pm, 4:00-8:00pm",
New Territories,新界,沙田區 ,Sha Tin District ,哈比寵物獸醫中心,Pet Medics Veterinary Centre,香港新界沙田積信街75號A舖,"Shop A, G/F, 75 Chik Shun Street, Sha Tin, N.T.",2850 6088,N/A,,,No records online,
New Territories,新界,西貢區 ,Sai Kung District,西貢獸醫醫院,Pet Space Sai Kung Veterinary Hospital,香港新界西貢灰鰓下208號地下,"G/F, 208 Fui Yiu Ha, Sai Kung, N.T.",2792 8555,5340 6101,,https://petspace.group/en_hk/our-clinics/,9:00am-7:00pm,
Kowloon,九龍,九龍城區,Kowloon City District,柏域獸醫診所,Pet’ n Vet Clinic,九龍九龍城南角道32號地下,"G/F, 32 South Wall Road, Kowloon City, KLN.",2382 0228,23820228,,https://www.facebook.com/p/%E6%9F%8F%E5%9F%9F%E7%8D%B8%E9%86%AB%E8%A8%BA%E6%89%80-PETn-Vet-Clinic-100063625587184/,11:00am-10:00pm,
New Territories,新界,西貢區 ,Sai Kung District,西貢仁愛獸醫診所,Petcore Sai Kung,香港新界西貢宜春街66號2號鋪,"Shop 2, 66 Yi Chun Street, Sai Kung, N.T.",2394 4228,6749 1546,,https://l.facebook.com/l.php?u=http%3A%2F%2Fwww.petcore-vet.com%2F&h=AT0JAVqFJUd0eiGpTGXGBBojOuCianoPp28szhHn3iEN8MwYmPIH3snS_j6WO7vPcZElsc-mUjaPAnYzfR1SbvfQduWA5pHeI-1kEXCgiIC8Edd5d0bn9fpyFeW7aVrpvUH9t2q19gDQ902Avk6geQ,9:00am-7:00pm,
New Territories,新界,元朗區,Yuen Long District,元朗仁愛獸醫所,Petcore Veterinary Clinic,香港新界元朗安寧路110–136A號12號舖,"Shop 12, G/F, 110–136A On Ning Road, Yuen Long, N.T.",2394 7300,6352 4857,,N/A,,
Kowloon,九龍,觀塘區,Kwun Tong District,珍寵東九龍動物醫院,Peticare Kowloon East Animal Hospital,九龍觀塘東明街9號地下,"G/F, 9 Tung Ming Street, Kwun Tong, KLN.",2345 6504,9088 8652,Y,https://www.peticare.com.hk/en,Open 24hrs daily,
Kowloon,九龍,油尖旺區,Yau Tsim Mong District,Pets Central 旺角動物醫院,Pets Central Mong Kok Hospital,九龍旺角上海街484–488號新明大廈1–2樓,"1/F & 2/F, Sun Ming Building, 484–488 Shanghai Street, Mong Kok, KLN.",2309 2139,85255433122,Y,https://pets-central.com/tc,Open 24hrs daily,
Hong Kong Island,港島,東區,Eastern District,Pets Central 北角,Pets Central North Point,香港北角渣華道70號欣和大廈地下,"G/F, Yan Wo Building, 70 Jawa Road, North Point, HK",2811 8907,92685665,Y,https://pets-central.com/tc,Open 24hrs daily,
New Territories,新界,西貢區 ,Sai Kung District,Pets Central 西貢動物醫院,Pets Central Sai Kung Animal Hospital,香港新界西貢宜春街66號8號鋪,"Shop 8, 66 Yi Chun Street, Sai Kung, N.T.",2792 0833,admin@pets-central.com,,https://petspace.group/en_hk/our-clinics/,9:30am-7:30pm,
New Territories,新界,西貢區 ,Sai Kung District,將軍澳動物醫院,Pets Central Tseung Kwan O,香港新界將軍澳唐德街9號將軍澳中心B01A鋪,"Shop B01A, Park Central, 9 Tong Tak Street, Tseung Kwan O, N.T.",2244 6684,5405 6509,,https://pets-central.com/tc,8:30am-8:30pm,
Kowloon,九龍,九龍城區,Kowloon City District,柏衛獸醫診所,Petwise Veterinary Clinic,九龍紅磡漆咸道北436–450號富榮大廈地下2號舖,"Shop 2, G/F, Full Wing Building, 436–450 Chatham Road North, Hung Hom, KLN.",2334 3538,N/A,,,"10:00am-2:00pm, 4:00-9:00pm",
Hong Kong Island,港島,灣仔區,Wan Chai District,皇后大道東獸醫診所,Phoenix Animal Clinic,香港灣仔日街2號地下,"G/F, 2 Sun Street, Wan Chai, HK",2865 4320,85260851797,,https://www.phoenixanimalclinic.com.hk/en/contact.php,"9:00am-1:00pm, 2:30pm-6:00pm
Sat 9:00am-1:00pm, 2:00pm-5:00pm
Sun & Public holidays - Closed",
New Territories,新界,大埔區,Tai Po District,寶湖動物醫院有限公司,Plover Cove Animal Hospital Ltd,香港新界大埔同茂坊7號地下,"G/F, 7 Tung Mau Square, Tai Po, N.T.",2653 0123,9433 0173,,https://www.facebook.com/p/Plover-Cove-Animal-Hospital-Ltd-100063984995856/,"9:00am-1:00pm, 2:00-6:00pm",
New Territories,新界,大埔區,Tai Po District,普益獸醫診所,Po Yick Veterinary Clinic,香港新界大埔普益街19號地下,"G/F, 19 Po Yick Street, Tai Po, N.T.",2653 3632,N/A,,,10:00am-10:00pm,
Kowloon,九龍,九龍城區,Kowloon City District,PPC 動物診所,PPC Precious Pet Clinic,香港九龍土瓜灣美景街87號昌景閣地鋪,"G/F , NO, 87 Mei King St, To Kwa Wan",,61805618,,https://www.facebook.com/preciouspet.clinic/?locale=zh_HK,9:30am-7:30pm,
Kowloon,九龍,油尖旺區,Yau Tsim Mong District,太子動物醫療診所,Prince Animal Clinic,九龍太子荔枝角道75號地下,"G/F, 75 Lai Chi Kok Road, Prince Edward, KLN.",2380 8408,N/A,,,"10:30am-7:00pm
Thurs - Closed",
Kowloon,九龍,深水埗區,Sham Shui Po District,Pulsevet獸醫中心,Pulsevet Veterinary Centre,香港九龍深水埗大南街207至209號地舖,"G/F, 207–209 Tai Nan Street, Sham Shui Po, Kowloon",9238 8202,9238 8202,,https://pulsevet.co/,9:00am-7:00pm,
Hong Kong Island,港島,中西及南區,"Central, Western and Southern District",西區獸醫診所,QueenWest Veterinary Clinic,香港西營盤皇后大道西303號地下,"G/F, 303 Queen's Road West, Sai Ying Pun, HK",2858 2211,qvchk@ymail.com,,https://www.qvg.pet/qvc,"10:00am-1:00pm, 3:00-10:30pm",
New Territories,新界,屯門區 ,Tuen Mun District,彩虹獸醫診所,Rainbow Veterinary Clinic,香港新界屯門良田村58號地下,"G/F, 58 Leung Tin Chuen, Tuen Mun, N.T.",2430 9581,yahrainvet@yahoo.com,,https://yahrainvet.wixsite.com/clinic,"10:00am-1:30pm, 3:30-8:00pm
Thurs - Closed",
New Territories,新界,元朗區,Yuen Long District,Rurumi獸醫診所,Rurumi Veterinary Clinic,香港新界元朗錦綉花園大道20號A舖,"Shop A, 20 Fairview Park Boulevard, Yuen Long, N.T.",2366 2600,N/A,,,No record online,
New Territories,新界,元朗區,Yuen Long District,伍威權動物醫療中心,SAA Albert Wu Veterinary Centre,香港新界元朗安樂路35–47號利群樓地下,"G/F, Lee Kwan Building, 35–47 On Lok Road, Yuen Long, N.T.",2475 2231,N/A,,,No record online,
New Territories,新界,西貢區 ,Sai Kung District,西貢動物醫院,Sai Kung Animal Hospital,香港新界西貢萬年街30號地下,"G/F, 30 Man Nin Street, Sai Kung, N.T.",2792 2206,9671 7336,,https://www.google.com/aclk?sa=L&ai=DChsSEwijq4-D8L6PAxUG1RYFHfpYEBcYACICCAEQABoCdGw&co=1&ase=2&gclid=Cj0KCQjw8eTFBhCXARIsAIkiuOz9lfEt5GWP9gTgFYafXhS83N6vSZ9fQW5S0bbORXPL8CpwX7f06cYaApqtEALw_wcB&cce=2&category=acrcp_v1_32&sig=AOD64_0bqvpab_H39poj5wHukwnWNvr3Kw&q&nis=4&adurl&ved=2ahUKEwiN3IWD8L6PAxXIfvUHHfxtKokQ0Qx6BAgVEAs,8:30am-6:30pm,
New Territories,新界,沙田區 ,Sha Tin District ,西沙路動物醫院,Sai Sha Road Animal Hospital,香港新界馬鞍山鞍山路1號馬鞍山中心地下A13舖,"Shop A13, G/F, Ma On Shan Centre, 1 On Chun Street, Ma On Shan, N.T.",2630 5980,85298663669,,N/A,9:00am-7:00pm,
Hong Kong Island,港島,東區,Eastern District,西灣河獸醫診所,Sai Wan Ho Veterinary Clinic,香港西灣河街94B號地下,"G/F, 94B Sai Wan Ho Street, HK",2967 4899,85254842324,,http://www.swhvet.com/,10:30am-8:30pm,
Kowloon,九龍,九龍城區,Kowloon City District,恩職獸醫診所,Salutaris Veterinary Clinic Limited,九龍九龍城德蘭道76號,"76 Tak Ku Ling Road, Kowloon City, KLN.",2882 4882,salutaris.vc@gmail.com,,,10:00am-7:00pm,
New Territories,新界,屯門區 ,Tuen Mun District,新墟動物醫療中心,San Hui Animal Medical Center,香港新界屯門德政圍18號海盛大廈3號舖,"Shop 3, Hoi Shing Building, 18 Tak Ching Court, Tuen Mun, N.T.",3460 4325,sanhuiah2020@gmail.com,,,10:00am-8:00pm,
New Territories,新界,沙田區 ,Sha Tin District ,沙田圍寵物診所,Sha Tin Wai Pet Clinic,香港新界沙田圍18–12號花園城1期地下3A–3F舖,"Shop 3A–3F, G/F, Shatin Phase 1, 8–12 Sha Kok Street, Sha Tin, N.T.",2155 2568,shatinwaivets@gmail.com,,https://www.cppcswpc.com/,10:00am-7:00pm,
New Territories,新界,荃灣區 ,Tsuen Wan District,沙咀道獸醫動物及珍禽異獸醫院,Sha Tsui Road Vet Small Animal And Exotics Hospital,香港新界荃灣沙咀道186號地下,"G/F, 186 Sha Tsui Road, Tsuen Wan, N.T.",2623 5500,shatsuivet@biznetvigator.com,,https://www.shatsuiroadvet.com.hk/,10:00am-8:00pm,
New Territories,新界,沙田區 ,Sha Tin District ,沙田動物醫院,Shatin Animal Hospital,香港新界大圍積存街74–76號震豪樓地下B舖,"Shop B, G/F, Hing Wan House, 74–76 Chik Shun Street, Tai Wai, N.T.",2694 1452,N/A,,https://www.hongkongvet.com/en/about/main/2,"9:00am-7:00pm
Sun 9:00am-5:00pm",
New Territories,新界,新界北區,New Territories North District,上水寵物診所,Sheung Shui Veterinary Clinic,香港新界上水新豐路8號,"8 San Shing Avenue, Sheung Shui, N.T.",2639 2229,sheungshuivet@gmail.com,,,9:30am-8:00pm,
Kowloon,九龍,九龍城區,Kowloon City District,桑栢道寵物診所,Soares Avenue Paws & Claws Clinic,九龍何文田桑栢道29–33號地下,"G/F, 29–33 Soares Avenue, Ho Man Tin, KLN.",2760 9663,85263764317,,https://www.pawsandclaws.com.hk/,"9:00am-1:00pm, 2:00-6:30pm
Sun & Public Holiday  9:00am-1:00pm, 2:00pm-5:00pm",
Hong Kong Island,港島,中西及南區,"Central, Western and Southern District",南區動物診所,Southern Animal Clinic,香港香港仔正街223–227號ABBA中心地下4號舖,"Shop 4, G/F, ABBA Centre, 223–227 Aberdeen Main Road, HK",2889 5238 ,N/A,,,"10:00am-1:00pm, 4:00-9:00pm",
Hong Kong Island,港島,中西及南區,"Central, Western and Southern District",南區獸醫中心,Southern District Veterinary Centre,香港鴨脷洲鴨脷洲大街165–167號愉景樓地下A1–A2舖,"Shop A1–A2, G/F, Happy View Building, 165–167 Ap Lei Chau Main Street, Ap Lei Chau, HK",2805 1318 ,N/A,,https://www.facebook.com/p/Southern-District-Veterinary-Centre-%E5%8D%97%E5%8D%80%E7%8D%B8%E9%86%AB%E4%B8%AD%E5%BF%83-100063616373955/,10:00am-8:00pm,
Hong Kong Island,港島,中西及南區,"Central, Western and Southern District",Southside Vets,Southside Vets,香港淺水灣海灘道28號The Pulse商場2樓205及206號舖,"Shops 205 & 206, Level 2, The Pulse, 28 Beach Road, Repulse Bay, HK",2515 3711,6073 7691,,https://www.southsidevets.hk/,"10:00am-7:00pm
Sat 10:00am-6:00pm
Sun 10:00am-2:00pm",
Hong Kong Island,港島,灣仔區,Wan Chai District,香港愛護動物協會,SPCA (HK),香港灣仔運盛街5號,"5 Wan Shing Street, Wan Chai, HK",2802 0501,5645 8497,Y,https://www.spca.org.hk/zh-hant/,Open 24hrs daily,
Kowloon,九龍,黃大仙區 ,Wong Tai Sin District,新蒲崗動物醫院,SPK Animal Hospital,香港九龍新蒲崗景福街77號地下,"G/F, 77 King Fuk Street, San Po Kong, KLN.",2420 2266,booking@spk-vet.com,,https://www.spk-vet.com/,"10:00am-2:00pm, 3:00-7:00pm",
Hong Kong Island,港島,中西及南區,"Central, Western and Southern District",赤柱寵物診所,Stanley Veterinary Centre,香港赤柱黃麻角道10–12號LG層,"LG/F, 10–12 Wong Ma Kok Road, Stanley, HK",2813 2030,info@stanleyvetcentre.com,,https://stanleyvetcentre.com/,"9:00am-6:00pm
Sat 9:00am-1:00pm, 2:00-5:00pm
Sun - Closed",
Hong Kong Island,港島,東區,Eastern District,日朗動物醫院,Sunny Side Animal Hospital,香港柴灣連城道26號地下,"26 Lin Shing Rd, Chai Wan",3575 9832,85268517219,,https://www.sunnysidevet.com.hk/en,"9:00am-2:00pm, 3:00-7:00pm",
New Territories,新界,沙田區 ,Sha Tin District ,新港城獸醫診所,Sunshine City Veterinary Clinic,香港新界馬鞍山新港城廣場1期地下16及17舖,"Shop 16 & 17, G/F, Sunshine City Plaza, Phase 1, Ma On Shan, N.T.",2677 7008,sunshinecityvet@gmail.com,,http://www.sunshinecityvet.com/contact.html,"9:00am-1:00pm, 3:00pm-7:00pm
Sun - Closed
Public Holidays 10:00am-6:00pm",
New Territories,新界,元朗區,Yuen Long District,晨晴動物醫院,Swanston Veterinary Hospital,香港新界元朗安寧路38號世昌樓9號舖,"Shop 09, G/F, Yuccie Square, 38 On Ning Road, Yuen Long, N.T.",2123 9206,info@swanstonvet.com,,https://www.swanstonvet.com/,10:00am-8:00pm,
Hong Kong Island,港島,灣仔區,Wan Chai District,大坑動物診所,Tai Hang Veterinary Clinic,香港大坑雲霞街1–5號雲霞閣地下2號舖,"Shop 2, G/F, Wun Sha Court, 1–5 Wun Sha Street, Tai Hang, HK",2577 5755,N/A,,N/A,"10:30am-2:00pm, 4:00-7:00pm
Sat & Sun 12:00-6:00pm",
New Territories,新界,沙田區 ,Sha Tin District ,大圍珍禽異獸24小時寵物醫院,Tai Wai 24 Hours Small Animal & Exotic Hospital,香港新界沙田積信街69至75號,"69–75 Chik Shun Street, Tai Wai, Sha Tin, N.T.",2687 1030,9036 4060,Y,https://www.taiwaiexotic.com/en/our-hospitals/tai-wai-small-animal-and-exotic-hospital,Open 24hrs daily,
New Territories,新界,元朗區,Yuen Long District,專一動物診所,The AIM Animal Clinic,香港新界元朗鳳翔路69號建輝大廈地下19號舖,"Shop 19, G/F, Kin Fai Building, 69 Fung Cheung Road, Yuen Long, N.T.",2470 6683,85253444624,Y,https://petspace.group/en_hk/our-news/2022/the-aim-animal-clinic-once-again-offers-24/7-services-on-every-tuesday/,Open 24hrs daily,
Hong Kong Island,港島,中西及南區,"Central, Western and Southern District",方舟動物醫院,The Ark Veterinary Hospital,香港西營盤水街25–35A號地下1號舖,"Shop 1, G/F, 25–35A Water Street, Sai Ying Pun, HK",2549 2330,85255904993,Y,https://petspace.group/en_hk/our-services/24-hour-pet-hospital/,Open 24hrs daily,
Hong Kong Island,港島,灣仔區,Wan Chai District,The Pet Vet,The Pet Vet,香港灣仔盧押道5號1樓（入口：譚臣道）,"1/F, 5 Luard Road, Wan Chai, HK (Main Entrance: Thomson Road)",2111 1319,2111 1319,,https://thepetvet.com.hk/,"9:00am-9:00pm
Sat & Sun 10:00am-7:00pm",
New Territories,新界,屯門區 ,Tuen Mun District,Prime View 動物診所,The Prime View Veterinary Centre,香港新界屯門井財街21號協邦樓地下6-7號舖,"Shop 6-7, G/F, Hip Pont Building, 21 Tseng Choi Street, Tuen Mun, N.T.",2363 1860,primeviewvet@gmail.com,N,https://www.facebook.com/primeviewvet/,"10:00am-1:00pm, 2:00-7:00pm",
Hong Kong Island,港島,東區,Eastern District,健河動物醫院,The Sanctuary Animal Hospital,香港西灣河筲箕灣道56號地下,"G/F, 56 Shau Kei Wan Road, Sai Wan Ho, HK",2560 2721,85225602721,,https://www.sanctuary-animal-hospital.com.hk/?srsltid=AfmBOoonand02Wv77nleXFb8uXGy_JhwT7ESa2Mabq2Xo_OFydQrTERo,"9:00am-7:00pm
Sat & Sun 9:00am-6:00pm",
Kowloon,九龍,深水埗區,Sham Shui Po District,太僕中心,The Vet Centre,香港九龍深水埗福榮街1-3號地下,"G/F, 1–3 Fuk Wing Street, Sham Shui Po, Kowloon",2777 2878,85294496122,,https://www.thevetcentre.com/index.php/zh/about-us,10:00am-8:00pm,
New Territories,新界,西貢區 ,Sai Kung District,The Vet House,The Vet House,香港新界西貢西道46號地下,"G/F, No.46 Sai Kung Road, Sai Kung, N.T.",3613 1259,52663116,,https://www.davidthevet.com/,"9:00am-5:30pm
Fri - Closed
Sun 9:30am-1:00pm",
Hong Kong Island,港島,東區,Eastern District,天后寵物醫院,Tin Hau Pet Hospital,香港天后英皇道41號慧信大廈地下B舖,"Shop B, G/F, Wilson Court, 41 King's Road, Tin Hau, HK",2104 2000,info@thph.com.hk,N,,"9:30am-7:00pm
Sun 10:00am-7:00pm",
Hong Kong Island,港島,東區,Eastern District,Trinity Vets,Trinity Vets,香港天后清風街23號地下,"G/F, 23 Tsing Fung St, North Point, Hong Kong",2116 5061,85261584061,,https://l.facebook.com/l.php?u=https%3A%2F%2Fwww.trinityvets.com.hk%2F&h=AT202NIc-Ubyq3W-6W06aB-Xrw2YnJupfkWgVIkijjXys4jzHshsVP6lrso2Tx9k2tUhl_t9R4ejiGTgCtVZ57pSwKbnPaAl5tN4luJRu_1pGWGXQM1U-2SP3rgZurRU0RdGbJPQW_pUf0hhp_bV4Q,"9:00am-1:00pm, 2:00-7:00pm
Sun 10:00am-1:00pm, 2:00-7:00pm",
New Territories,新界,荃灣區 ,Tsuen Wan District,荃灣獸醫寵物醫院,Tsuen Wan VetnPet Hospital,香港新界荃灣沙咀道168號地下8號舖,"Shop 8, G/F, 168 Sha Tsui Road, Tsuen Wan, N.T.",2573 0028,vetnpethospital@yahoo.com.hk,N,https://www.facebook.com/vetnpethospital/,10:00am-9:00pm,
New Territories,新界,屯門區 ,Tuen Mun District,屯門獸醫診所,Tuen Mun Veterinary Clinic,香港新界屯門建生邨建生商場2樓S舖,"Shop S, 2/F, Kin Sang Shopping Centre, Kin Sang Estate, Tuen Mun, N.T.",2468 3113,N/A,,N/A,No Record,
New Territories,新界,離島區 ,Islands District,東涌動物診所,Tung Chung Animal Clinic,香港新界東涌馬灣新村7號地下,"G/F, 7 Ma Wan Sun Village, Tung Chung, N.T.",2988 1534,tcreception@petspace.group,,,"9:30am-6:30pm
Sun - Closed",
New Territories,新界,離島區 ,Islands District,東涌獸醫中心,Tung Chung Vet Centre,香港新界東涌海濱路8號海堤商場Q2舖,"Shop Q2, Seaview Crescent Retail Shops, 8 Tung Chung Waterfront Road, Tung Chung, N.T.",2328 7282,tungchungvetcentre@gmail.com,N,https://www.facebook.com/tungchungvetcentre/,"9:00am-7:00pm
Sun 10:00am - 6:00pm",
New Territories,新界,沙田區 ,Sha Tin District ,聯邦動物診所,Union Veterinary Clinic,香港新界沙田積存街46號葵滙大廈,"G/F, Kwai Wai Building, 46 Chik Shun Street, Tai Wai, N.T.",2698 2185,N/A,N,N/A,"10:00am-1:00pm, 3:30-7:00pm
Sun - Closed",
Hong Kong Island,港島,灣仔區,Wan Chai District,快活谷獸醫中心,Valley Veterinary Centre,香港跑馬地源遠街15號地下,"G/F, 15 Yuen Yuen Street, Happy Valley, HK",2575 2389,info@valleyvetcentre.com.hk,N,http://www.valleyvetcentre.com.hk/,"8:00am-7:00pm
Sat 8:00am-6:00pm
Sun & PH 10:00am-1:00pm",
Hong Kong Island,港島,中西及南區,"Central, Western and Southern District",香港獸醫急症中心,Veterinary Emergency Centre,香港堅尼地城卑路乍街136–142號聯威新樓地下B2及C舖,"Shop B2 & C, G/F, Luen Wai Apartments, 136–142 Belcher’s Street, Kennedy Town, HK",2334 2334,5588 6088,Y,https://www.vec.com.hk/en/,Open 24hrs daily,
New Territories,新界,元朗區,Yuen Long District,維多利24小時獸醫醫院,Victoria 24hr Veterinary Hospital,香港新界元朗仁愛路6號幸福樓二期地下11號舖,"Shop 11, G/F, Phase II, Hing Fook Building, 6 Yan Oi Road, Yuen Long, N.T.",2477 8929,info@victoriavet.com.hk,Y,https://victoriavetshk.com/,Open 24hrs daily,
Kowloon,九龍,油尖旺區,Yau Tsim Mong District,勝利動物醫院,Victory Animal Hospital,九龍旺角窩打老道71B號中源大廈1樓B座,"Block B, 1/F, Chung Yuen Mansion, 71B Waterloo Road, Mong Kok, KLN.",2711 0332,85268231522,,https://victoryanimalhospital.com/coming-soon/,"9:00am-12:00pm, 3:30-7:00pm
Sun 11:00am-2:00pm, 3:00-7:00pm",
New Territories,新界,西貢區 ,Sai Kung District,獸醫村莊,Village Vets,香港新界西貢翠塘路1A號壹同地下G1鋪,"Shop G1, G/F, Dock 1A, 1A Chui Tong Road, Sai Kung, N.T.",2323 2933,villagevets88@gmail.com,N,https://villagevetshk.com/,"9:00am-7:00pm
Sun 9:30am-6:30pm",
Hong Kong Island,港島,中西及南區,"Central, Western and Southern District",維力寵物診所,Vitality Veterinary Clinic,香港堅尼地城北街15號昌裕大廈地下,"G/F, Cheong Yue Mansion, 15 North Street, Kennedy Town, HK",2891 2011 ,N/A,,,No record online,
Kowloon,九龍,油尖旺區,Yau Tsim Mong District,專寵獸醫診所,VPro Veterinary Clinic,九龍太子鴨寮街34號地下,"G/F, 34 Apliu Street, Prince Edward, KLN.",2368 1518,9667 5305,N,https://vprovetclinic.com.hk/en/home-2/,10:00am-8:30pm,
Kowloon,九龍,九龍城區,Kowloon City District,九龍專科獸醫醫院,VSH Kowloon,九龍何文田自由道7號地下至1樓,"G/F–1/F, 7 Liberty Avenue, Ho Man Tin, KLN.",2408 2588,85268482588,Y,https://www.vsh.com.hk/en-tw/contact-us,Open 24hrs daily,
Kowloon,九龍,油尖旺區,Yau Tsim Mong District,VetiVa Center for Animal Wellness,VetiVa Center for Animal Wellness,尖沙咀梳士巴利道18-24號維港文化匯K11辦公大樓19及20樓,Unit 1906-1907 & 2005-2006 ∙ K11 Atelier (Victoria Dockside) ∙ Tsim Sha Tsui ∙ Hong Kon,2592 1000,6499 0999,Y,https://www.vetiva.org/,Open 24hrs daily,
Hong Kong Island,港島,灣仔區,Wan Chai District,灣仔動物醫院,Wan Chai Animal Hospital,香港灣仔交加街7號永成大廈地下及地庫,"G/F & Basement, Wing Shing Mansion, 7 Cross Lane, Wan Chai, HK",2572 5422,N/A,,https://www.hongkongvet.com/en/about/main/1,"9:00am-12:00pm, 3:30pm-7:00pm",
New Territories,新界,元朗區,Yuen Long District,新界動物醫療中心,WEHUG Animal Medical Centre,香港新界元朗馬田路50號朗景臺1號地舖,"Shop 1, G/F, Crystal Park, 50 Ma Tin Road, Yuen Long, N.T.",3708 8770,98818112,Y,https://www.wehug.vet/?gad_source=1&gclid=EAIaIQobChMInNqvvOiWhQMVHNIWBR0wCgfjEAAYASAAEgJuQPD_BwE,Open 24hrs daily,
Hong Kong Island,港島,中西及南區,"Central, Western and Southern District",港島西動物醫院,Westland Animal Hospital,香港堅尼地城堅彌地城海旁27號堅彌地城大廈地下3號舖,"Shop 3, G/F, Kennedy Town Building, 27 Praya Kennedy Town, HK",3500 5830,westland@peticare.com.hk,Y,https://www.facebook.com/wlah.hk/,24hours daily (Facebook),
New Territories,新界,新界北區,New Territories North District,和泰動物診所,Wo Tai Companion Animal Clinic,香港新界粉嶺聯和墟聯昌街23號地下,"G/F, 23 Luen Cheong Street, Luen Wo Hui, Fan Ling, N.T.",2675 6899,N/A,,N/A,"10:00am-1:30pm, 3:30pm-8:00pm
Sun 10:00-5:00pm",
New Territories,新界,元朗區,Yuen Long District,元朗獸醫動物及珍禽異獸醫院,Yuen Long Veterinary Small Animal and Exotics Hospital,香港新界元朗屏會街25號福順樓地下2號舖,"Shop 2, G/F, Fook Shun Building, 25 Ping Wui Street, Yuen Long, N.T.",2477 9990,cs@ylvet.com.hk,,https://www.ylvet.com.hk/,10:00am-8:30pm,
Hong Kong Island,港島,東區,Eastern District,星寵動物醫院,Zodiac Pet and Exotic Hospital,香港炮台山屈臣道15號維多利中心1樓102號舖,"Shop 102, 1/F, Victoria Centre, 15 Watson Road, Fortress Hill, HK",2527 1718,85259992396,,https://zodiacvet.com/en/home/,9:00am-10:00pm,